NGO,African Wildlife Foundation
NGO,AWF
NGO,BirdLife
NGO,Conservation International
NGO,Defenders of Wildlife
NGO,Durrell Wildlife Conservation Trust
NGO,EIA
NGO,Environmental Defense Fund
NGO,Environmental Investigation Agency
NGO,ESA
NGO,Fauna & Flora International
NGO,Friends of the Earth
NGO,GBIF
NGO,Global Conservation
NGO,Global Wildlife Conservation
NGO,International Union for Conservation of Nature
NGO,IUCN
NGO,Jane Goodall Institute
NGO,NASA
NGO,NatureServe
NGO,Oceana
NGO,Panthera Corporation
NGO,Project AWARE
NGO,Rainforest Alliance
NGO,Sierra Club
NGO,The Nature Conservancy
NGO,TNC
NGO,TRAFFIC
NGO,UNESCO
NGO,WCS
NGO,Wetlands International
NGO,World Conservation Society
NGO,World Land Trust
NGO,World Resources Institute
NGO,WWF
NGO,WWF-
NGO,Zoological Society of London
NGO,ZSL